index,0
동안,181
번,613
정도,1222
석,297
총,12
소,19
중,695
품,179
다육,855
일반,167
식물,11520
사용,7200
잎,2828
물,1649
주,287
말,331
분무기,285
용법,120
좀,1426
저,1676
분,787
분무,122
경우,170
얼룩,20
조금,706
남지,27
목초액,329
냄새,1165
아주,1006
거실,369
화분,3354
개,1357
겨울,681
소량,66
잔,37
향,605
결과,340
배송,3704
때,1703
줄기,195
아메,12
치스,12
자구,18
생장점,13
라울,12
도,491
얼굴,25
해,1655
얘,73
두,229
베란다,735
힘,348
이제,515
타이밍,27
꽃,1285
기린,38
꽃대,102
배,166
기존,250
것,4127
달리,35
햇볕,536
색도,92
빨강,15
효과,4971
란,53
타나,12
다시,857
시작,598
햇빛,1460
가장,485
나,239
계열,12
늦가을,15
노랑,119
분홍,81
월동,20
걱정,1052
하나,1137
또,983
안심,218
너튜버,12
추천,863
검색,410
구매,5176
장소,67
유기,5
양제,1531
함,120
애,706
영양,503
제로,253
찬,34
바람,128
환절기,14
오니,5
여름,183
덜,139
날,1072
위해,472
듬뿍,181
주어,53
의미,16
꼭,560
바,321
재품,12
가격,699
자꾸,249
부담,171
요즘,404
제,1446
시간,947
이후,94
아이,711
생기,404
타입,181
용량,539
두고두고,24
수,2179
우리,331
미사,9
용이,106
움,60
보고,1183
후기,1341
추가,493
일단,773
양도,183
려고,160
거,1733
기적,104
계속,659
녀석,53
링거,1
존재,15
사진,541
개월,124
동고동락,7
반려,228
엑사,7
컴,7
더,3055
집,2252
안,927
환기,234
자주,308
점,491
항상,199
마음,958
혹시,122
중꽃,7
제인,7
사,267
고민,735
해결,128
흙,778
모두,379
제일,259
모든,167
영양소,68
대신,291
하니,318
자연,170
앞,354
초보자,25
필수,179
템,75
관리,372
법,6
우선,256
리뷰,769
보통,134
직접,481
흡수,36
공급,104
생각,1625
딸기,277
열매,201
실내,541
늘,118
통,312
화장실,31
뿌리,3618
찍업,5
느낌,807
하나로,101
점도,115
고루,113
정말,1258
주기도,50
하고꽃필쯔음,5
편리,6
뒤,269
항,5
방법,409
고집,4
서사,8
부분,709
정리,374
아침,145
초록,328
볕,119
누렇,79
알,792
덕분,490
요물,39
안주,10
한번,1206
뿐,107
번갈아,11
할머니,7
막,171
도움,831
구입,1809
전혀,339
기분,483
탓,140
윤기,73
타,193
인체,95
무,137
봄맞이,30
잔뜩,44
원래,220
봄꽃,9
보이,158
제도,131
자라,256
그냥,562
요,819
이,1304
가성,146
비,389
아파트,180
케어,81
야외,40
광합성,153
기도,174
제품,3692
이름,148
직관,10
이해,71
전,629
용,640
별도,38
일부러,15
리필용,26
대비,159
양,357
이전,65
별거,3
봣,38
역시,192
쓰기,243
스프레이,479
강낭콩,11
봉선화,21
플랜,140
테리어,173
정성껏,21
똥손,40
매번,116
지금,424
만족,301
국산,58
재료,67
국내,67
생산,51
가지,331
비도,49
굿,143
건강,50
보충,52
일만,36
못,342
환경,197
해도,207
산이,10
국매,6
리필,154
사고,86
다이소,27
헤드,29
사서,338
깨,15
몇,241
확,178
비포,4
애프터,4
차이,211
전날,4
저녁,130
담날,20
오후,49
옴,8
워낙,121
커서,86
기,177
부어,97
일부,21
형태,99
분사,450
고유,4
때문,815
해주시,30
더욱,68
이사,104
며칠,266
제조,78
그거,20
보도,12
눈길,3
선택,349
가끔,146
전부,63
는걸,44
주기,266
제의,5
특징,24
용기,139
통해,99
농약,490
성분,472
포함,91
가정,129
친구,244
함유,16
제라,89
뾱뾱,4
아빠,32
전담,4
일,345
주문,1422
바로,947
다음,525
도착,354
용도,144
머리,81
축,35
진짜,605
입,156
비실,170
정원,74
로망,3
잎사귀,126
완료,47
지벵,4
끝쪽,12
상하,21
끝,215
빛,3751
굿굿,49
비템,8
사무실,150
보라,91
제공,97
고작,9
미만,4
바깥,28
마련,49
이기심,4
구,164
접,8
깨달음,4
잡과,4
작물,225
하우스,26
대해,110
분석,18
최적화,4
연구,7
어머니,69
분무해,9
녹색,96
나름,109
순간,62
시들시들,97
이번,481
쟈,3
대도,101
햋빛,3
잘못,41
유통,22
기한,22
요새,29
재미,38
맛,34
금방,284
맘,480
빨,189
인지,143
해지,29
이파리,27
약,371
종류,202
매니아,6
후,927
여,87
처음,968
일이,85
래서,13
간혹,47
화병,5
쏮아두,3
영,40
활기,16
집안,220
잠깐,62
친환경,348
피부,49
동물,20
일정량,3
마당,146
해충,345
취약,3
데,160
제거,216
상품,770
다른,971
듯,413
기대,687
석도,25
편백,11
땐,60
지속,128
무향,9
리,88
필로,37
미리,253
바닥,145
벽면,6
사실,218
여태,13
벌레,1899
적응,15
화초,686
중이,73
어린이집,6
아가,94
촘,6
온,195
요리,24
필,45
푸릇푸릇,8
호환,25
코로나,34
활동,13
뭔가,188
거리,430
후눈,5
별,183
위,606
콩,10
속도,131
곧,91
반신반의,51
젠,93
드림,4
알카,3
시아,19
피고,58
쭈굴,3
처럼,46
경험,80
날이갈수록,4
기운,49
별로,346
게,527
제대로,98
몇번,110
푸릇파릇,2
말라가,26
몬스테라,223
쿠팡,141
로켓,46
어제,85
오늘,332
일찍,26
좀더,172
경제,12
부디,52
무럭무럭,208
발견,163
관심,64
쏙,20
칭찬,48
임,51
분통,4
화원,21
물건,184
과습,106
물이,115
수경재배,336
일주일,343
은,285
변화,331
설명,495
문의,161
내용,85
답변,108
칠,5
가나,5
리터,144
기준,139
소주잔,2
컵,50
다해,63
대박,82
약품,40
하루,513
포장,746
병행,16
에드,36
지식,66
초보,284
식,434
집사,466
이기,84
함부로,27
비료,334
비율,68
문제,456
차라리,59
정보,111
과,162
칼슘,34
질소,57
인,119
칼륨,27
성장,420
음지,122
눈,699
개운,54
수분,64
마르지,27
코팅,40
개운죽,36
대부분,128
점점,191
마르,27
뭐,222
확인,389
대한,97
신분,63
은사,27
마냥,83
과학,27
원리,66
작용,30
상세,103
결정,157
면,180
엽,91
시비,63
시도,42
상황,187
파악,27
호불호,35
스모키,27
랄,50
누군가,46
표현,27
부족함,33
무력,29
다소,43
안개,31
곱,27
곳,458
방식,64
제이,14
집의,51
보완,35
집합,14
분자,14
구성,348
구성은,35
차이점,22
깊이,22
습도,78
조절,697
돈,147
요소,37
여러가지,96
제약,17
속,209
를,251
섭취,14
응축,14
그,342
화단,71
뱅,53
고무나무,119
그로,18
량,33
테,74
로서,50
값,123
편이,57
나무,346
사이즈,237
분무액,14
화근,14
내,111
반드시,46
사람,429
따라서,60
가족,111
낮,61
지기,32
시기,174
겨울철,89
요령,14
껏,52
깅,14
강,142
층,75
도보,3
도로,22
창문,129
블라인드,5
부모님,145
정성,84
미니,137
옹기종기,51
다육식물,21
살,246
저희,260
비교,219
효능,111
매일,256
나니,121
보,260
유자,13
초록색,37
마침,76
우연,26
선물,420
무척,58
겸,39
인테리어,816
집콕,8
생활,102
낙,29
최근,134
상태,437
파서,14
애낌,8
한참,92
사시,27
코,101
리하,21
색,393
노래,6
썻었,3
티,49
엄마,332
아리,11
맘껏,22
계시,9
기능,562
울,20
둘,162
셧다,9
분갈이,258
머,21
신경,275
은근,29
제중,12
체고,4
으뜸,4
장마철,106
품질,73
쟁,10
영양분,89
먹기,22
의사,94
프로,64
효도,18
형식,92
위치,138
파릇파릇,28
서온,6
천지,6
겨우내,31
춥다,6
날씨,219
만,76
고영,11
촵촵,6
진작,120
내년,69
올리브,101
나타남,3
새싹,203
이상,412
돌기,3
직방,3
완전,438
강추,85
간식,18
치,53
기본,39
적지,7
꽃들이,24
편입,9
니,174
올해,210
결실,5
여기저기,104
피기,8
유럽,5
제라늄,291
여러분,52
장점,166
최고,229
미학,8
하규,8
한지,122
모습,79
더군다나,10
강아지,103
고양이,85
아랑,8
칠이,11
헤헤,8
초록빛,21
봄,301
쉬,2
보기,114
걸알,4
식린,70
힐링,80
휴식,23
아들,13
하하,15
캐나다,13
서강,13
담당,16
살짝,277
공부,77
몇몇,37
심지어,104
아예,82
각각,84
등등,108
회사원,19
여유도,13
모자,13
판,36
얘기,61
퇴근,41
저기,13
메인,16
정답,13
학교,28
옆반,7
선생님,9
가게,18
몇개,162
김,3
세트,170
약간,299
노력,81
과꽃,5
푸르렀으,5
개인,100
남,45
만해,11
대감,33
게다가,34
사용성,2
걸,341
살기,9
대체,49
얼마나,134
뜸뿍,5
그대로,75
두툼,21
거의,286
화장품,3
로션,3
살충제,397
연하,3
쯤,40
노란색,74
변색,19
가까이,135
손,162
산,188
믿음,87
직,25
판매,403
번창,217
푹,39
통풍,89
자마자,161
필순,7
동이,7
표시,19
리필액,7
첨부,102
첫,77
두번째,94
애가,32
순이,171
하늘,6
가집,4
크게,150
앞집,3
아주머니,3
가면,23
주신,96
계단,3
방치,35
마르고,14
소진,2
놉놉,2
취미,73
이자,2
법도,29
연쇄,3
살인마,10
물주,81
나중,107
꽃잎,2
글,111
국화,33
철,12
이오,16
꽃몽,8
아리랑,8
보시,90
몽아리,8
감사,247
개발,30
액,458
여분,13
계획,46
가드,24
너,66
강력,65
자취,15
가드닝,49
무턱,7
대고,31
죽,105
햇,63
변햇던,7
무엇,177
관찰,40
찍엇습니,7
시,167
한약,12
식초,5
꼬리,5
안방,30
다가,97
남편,24
몬,5
이틀,147
유,48
썻,9
벌써,139
글씨,6
구어,5
체,6
사장,99
사랑,151
볼,200
능,7
반려동물,27
진짜진짜,5
예상,26
일보,12
열기,13
안나,85
달뒤,54
새해,7
맞이,17
이용,294
세,86
원인,14
불명,4
건,266
줄,401
그동안,63
줄때,66
지난,116
현재,90
태양,7
등,3524
남향,116
서향,26
감히,19
난관,4
물방울,14
방수,4
나머지,48
오히려,61
독,4
후두,4
마름,33
산세베리아,41
지지,207
매우,573
감당,49
실천,2
새끼,4
세상,57
만상,2
깜놀,9
요건,19
회사,165
데리,38
흠뻑,119
솔직,7
고해,86
카페,50
고분,3
무시,11
특,3
유의,4
진듯,8
욤,13
분양,28
가서영,3
저렴,16
전보,8
이유,166
아이템,8
밥,15
먹듯,1
유해,1
현상,40
방토,10
빳빳해,4
당분간,17
음,84
이군,1
분무잎,1
서로,1
겹,4
친부,1
썪으,1
조심,21
소견,1
만족도,37
앰플형,6
얼마,212
중국산,6
원산지,6
거나,64
장만,63
무형,12
주네,21
어려움,28
오래오래,53
씨앗,147
유지,81
목초,27
호분,7
도록,24
불쾌감,7
자,150
아버지,52
난,122
조량,95
최대한,33
앰플,5
텃밭,693
죽지,105
려,52
주시,153
농부,33
짱,37
갑자기,78
뻔,15
행사,50
퀄리티,37
장미,151
주일,18
지나,82
끝집,2
승차,2
금전,62
반짝,17
에프,5
터,49
수가,140
제습기,5
옆,214
두부,10
먼저,192
바질,136
의향,18
차,140
택배,92
사의,51
분실,2
자켜,5
친정,23
로부터,51
평소,29
사형,4
스트레이트,4
손실,4
릿,4
남아,28
목도,6
여부,12
하엽,9
한장,21
신엽,18
껍데기,3
우수수,21
호박,6
진해,8
이제야,28
살맛,6
생기지,8
헤퍼,4
금주,2
문해,8
쥤,1
평보,2
장난,18
숯불,2
스름,2
목,63
캐,2
듬북뿌렷,3
듬북,3
문,34
아픔,3
효가,6
걱,3
진드기,66
박사,9
여사,6
시댁,5
아차,20
파손,61
연락,43
피드백,5
뚜껑,65
배달,31
박,11
개봉,50
박스,232
용액,84
소실,3
반품,19
뚝뚝,3
일상,6
지인,137
주전,5
군데,19
생,31
장기,10
대가,191
분명,17
소리,55
제나,15
주지,34
모처럼,5
블로그,79
쓰시,51
전이,258
잔득,3
면역,15
난후,20
달,615
공간,214
나뭇잎,2
달후,93
참고,225
고,47
그루,28
그간,7
담뿍,6
구세주,8
자극,36
계절,23
꼴,11
라보,6
어서,29
파,22
키라,20
인체엧무해,2
엄,8
마,30
사드,1
므,36
쟐,1
대응,24
쪽,228
제법,25
무성,22
상,125
마이,2
자체,178
어린이,2
반려견,9
윤,9
마은,2
보약,5
전용,62
단연,3
추후,35
재,154
예정,314
취향,18
숲,9
이용만,7
잡,38
물의,13
산성,7
정해,15
계세,13
기회,36
혜자,7
필용,3
작년,300
꽃봉오리,10
득,2
실,45
한결,5
지고,29
창고,3
풀이,40
종종,48
우주,4
목목,2
땜,19
고생,67
색깔,181
푸릇,14
질,31
제주,5
외부,40
예전,108
달라,58
모,30
리피,6
봉우리,34
왜,153
운명,12
꽃집,13
언제,21
거렸,6
요것,24
다한,6
갈수,18
공,7
직장,2
부장,2
금손,2
정적,4
이면,64
신세계,21
처리,85
혁명,4
방,659
주방,24
초,37
돌입,1
온도,45
종이,68
꼽는,1
콕,14
알갱이,7
투여,9
색상,196
푸릇푸릇해,4
인터넷,91
쌩,9
제만,47
잎새,6
뚜,12
주로,58
시골,30
더니,28
바짝,17
욜,12
마치,37
응급,12
처방,12
수액,13
책,16
답,159
필수품,69
내일,32
공기,35
몸,71
자꾸만,23
컷으,12
사과,8
몸살,58
여러,271
이용도,4
주니,25
무종,3
고물,25
대사,3
진심,41
편,69
청,27
덕,54
필요,219
드뎌,4
자신감,16
오구,4
어머님,18
챡챡,5
공병,6
해해,5
사무,5
실용,50
서여,5
대중,34
들보,3
급,19
반응,48
요요,27
난리,25
공유,58
여기,416
오프라인,5
하루하루,9
얼른,66
활짝,14
죵,3
거좀,3
센스,61
무가,22
짝꿍,3
액체,104
류,145
뽁뽁,19
감겨,3
뿌듯,19
주변,175
올인원,3
착착,3
다행,117
이구,35
비록,8
난이,9
초옥,3
찻,3
가타,11
엑스,4
플랜트,4
밴드,30
가입,10
단종,4
변경,13
코노피튬들,4
탈피,9
입하,2
면서,37
반,43
피어,18
예방,287
컨디션,4
람,22
먀,2
별탈,2
평이,96
가득,48
안고,9
숯,8
가마,8
찜질방,12
단점,53
반절,8
산다,8
창가,159
햇살,48
마구,48
덕인,8
느깜,4
샹기,2
뿌파들,4
듯해,17
확눈,1
아기,23
자스민,34
가을,98
위기,4
관주,30
한겨울,12
로,133
실수,34
폭풍성,25
가지치기,34
초대,16
큐알,4
홍보,8
려니,4
관련,28
질문,33
디테,16
사례,4
양지,51
이동,27
금,16
다만,236
온건,17
취급,10
주의,92
관솔,28
밑,169
켜,278
꽃망울,23
페페,28
행운목,5
이웃,19
꽃님,5
건가,15
감,108
만큼,88
후회,77
병충해,125
얺,1
선명,5
던데,19
웃,22
전체,123
후두두,2
관엽식물,16
귤나무,17
희망,25
꼬박꼬박,12
쏙쏙,9
확실,11
보공,5
상담,88
수고,58
여간,1
연성,31
무늬,56
종,4
숯향,2
이나,37
이예,8
묘,23
뭣,1
키친,1
타월,1
스킨,115
스,122
늠,1
운영,35
이반,1
젔으,1
기전,30
박멸,316
과정,16
단지,2
헤픈,5
담번,2
성능,459
레몬이,10
체감,31
준,100
냉,25
그것,53
부족,108
대로,40
가요,33
제겐,4
향기,8
그닥,21
세력,3
근대,10
헤프,17
문후,2
꽃밭,3
젛으몈,2
그늘,26
저번,38
이야기,49
평,145
괸주시,3
소독,19
식물성,14
쑥,43
유기농,86
쪼꼬미들,1
조만간,40
첨,16
파중,4
툼,28
칼,18
감동,58
자알,1
하라,15
무하,17
회복,5
병원,27
교류,3
효고,6
가기,5
미량,5
관,107
지장,22
역,37
상자,65
번은,15
쌔네,2
보지,113
달동,30
천리,28
갈이,24
준비,148
효,28
병,174
광고,58
활용,98
베,41
발달,10
뇽,3
향시,3
두통,20
호야,27
뿌혀주,4
깍지,156
방제,133
역활,26
오,90
셀,5
리아,5
면관,33
틀,31
관엽,153
위주,33
생겻어용,1
활,33
불구,37
폴리,10
유카,4
리가,17
자리,275
렸,4
눌렸는,3
흔적,13
벤자민고무나무,3
듭니,250
동백나무,21
살수,11
장기로,5
거기,74
드네,155
촤,5
아악,17
반도,8
쟁여두,5
입시,1
상해,19
구석,47
는,2
퍼센트,2
파리,1645
출시,23
비누,14
삽목,255
도구,22
배수,29
방울,60
송진,3
때깔,30
업체,63
온실,94
욕심,39
학,6
고개,50
빳빳하,4
보신,16
혀,19
나진,10
꽃볼,4
무식,12
대만,16
땅,84
튜버,4
진,58
동향,145
인친,4
소개,30
지해,7
응대,62
닥,5
확정,41
썻네,5
괜,39
사욘,5
헤픈감,5
얼둣,5
요도,3
육이,10
피톤,1
치드향,1
내용물,40
요하,2
기간,86
얼음,13
암모니아,3
방바닥,3
벽,42
관건,6
제화,1
구애,24
의견,9
수정,54
위쪽,25
서고,14
새,162
생장,300
궁합,19
년월,2
스토어,6
일치,20
중독,5
매각,3
다썻어,3
툭,26
애용,38
꽤,179
흠,11
지난번,8
왕창,4
보나,1
알기,3
궁금,3
누락,12
화가,10
사악,10
서비스,199
진정,7
태,10
고사리,63
욥,24
청해,7
손잡이,14
재질,33
재사용,7
절대,36
불가능,7
캠핑,7
소시지,7
미화,7
된거,24
오케이,9
뇌절,3
회수,5
년,39
농사,199
물밥,3
쌜,4
위로,72
거짓말,4
젖,15
유투브,47
잡고,47
더위,29
하쿠,4
유튜버,7
구가,5
불면,11
뭘,10
꼭해,3
주안,5
과연,32
숨,8
요성,1
독해,4
부터,21
연두색,35
안남,7
마찬가지,7
에바,15
극락조,37
전세,7
키도,6
해빛,7
십년,5
노하우,10
대학,5
산학,5
팀,12
기술,16
공장,11
원료,13
소용,9
교환,35
뽁뽁이,29
쭉,39
밀폐,18
햐,2
의정원,2
큰아들,6
혼자,34
장마,140
가보,8
모종,167
사이트,52
그날,23
화이팅,13
키,190
평상시,5
순,162
짐,41
달안,5
주말,88
스피드,4
복구,4
이사도,4
친,14
곁,9
고객,66
신뢰,34
기다림,1
몫,1
식집,5
알보,16
애기,28
신기,25
누렁잎,8
햍볕보,8
료과,8
이특,8
간격,120
주번,8
광,56
이나고,20
책장,8
인증샷,2
줄줄,51
장인,8
무질,8
주루,8
륵,8
분무통,8
도피,2
고요,26
불가,1
착오,2
계량컵,80
꿀럭꿀럭,3
그게,34
공구,3
통반,7
즉시,6
안전성,2
이선,1
몀,1
묘목,5
싼값,4
무기,2
생명력,25
삼나무,4
철쭉,7
소나무,17
발아,87
이듭,1
진챠,3
크기,222
타고,4
로나,5
잎장,3
쪼꼬맣,3
처런,3
밑받침,25
물담은챠,3
미카엘,2
렵니,5
모루,2
겟,2
네이버,15
대상,8
포기,75
사지,15
오기,10
산야,2
초도,2
무난,55
좃,2
지면,24
촉진,38
향기도,6
윤이나,2
만요,8
총알,28
젤,104
쭉쭉,32
농축,9
백배,3
방안,42
식물원,2
숲속,4
태운,4
구조,179
자하,2
할머님,4
세로,27
길이,270
양물,4
세번,60
닽,1
무조건,92
율,42
마가,18
부랴부랴,23
율마,156
스투키,25
나오니,8
입장,15
테스트,20
점수,1
변신,9
이만,10
오류,2
정정,2
로써,2
콤팩타,6
인도,8
천,3
사려,30
외,33
농장,88
출신,3
엔젤아이스,3
한쪽,19
뽕뽕,8
희귀,12
고가,7
요전,9
디자인,440
통방,4
통합,4
별하나,15
읍니,40
조,14
요추,4
동생,13
만발,8
피더,6
피,32
번식,90
직후,4
무름,19
직빵,19
안보,102
여요,33
꽃꽂이,8
업,8
오건,2
민가,10
생겻어,2
보아,29
해피,13
트리,81
인공,2
첨가,12
무럭,22
싱싱,10
러블리,6
브랜드,67
인증,65
패키지,139
체크,39
화학,35
호흡기,12
꽃샘추위,12
거부,25
역할,63
떼,3
색감,71
만주,4
방면,4
작성,105
나물,4
양분,30
루,19
어플,52
씌링,6
안쪽,37
썩,6
수선화,12
커튼,42
짝,48
취업,4
초딩,4
하,4
득템,4
방기,17
직원,11
산발,4
흐믓,6
스포이드,222
계량,55
수경,46
옆면,12
비용,20
몬본듯해,2
오이랑,6
오이,119
수확,41
채소,185
벌벌,4
먹음,3
토마토,181
만점,42
루꼴,16
상추,280
청경채,3
성공,16
유튜브,160
길,36
하이포,3
넥스,1
산들,1
물푸레,176
육묘,5
잘피,8
장훈,26
메리,35
골드,35
적정,7
먕,5
무화과,1
되찿아,1
스확,1
잘컧으,2
차질,1
이상은,14
주입,1
풍년,3
과기대,7
사은,167
테이프,60
트랩,3
간편,5
매년,35
생육,72
재배,167
튜브,16
닷,5
아보,41
부추,7
고수,13
전후,44
폭풍,26
있길럴,2
양재,4
시중,12
도사,2
주렁주렁,30
싹,396
기억,50
삿서,1
완벽,29
명품,13
요양,9
옥상,109
합리,38
잎끝,8
탈,33
방지,28
넝,3
캣,7
그라스,7
물병,4
주사기,14
정품,8
던,5
잎색,18
줄껄,2
차로,7
배추,80
이집,8
개량,4
빨대,1
삿어,20
열심,1
아라하,1
장,102
유튭보,16
대유,202
물꽃,4
담,30
녘,2
문자,26
일어나서,17
즘,2
거래,2
구체,14
나은,7
쌈,44
참외,1
수박,8
형,38
급수,37
효관,1
최곤거,2
방울토마토,62
물통,10
과채,87
부스터,20
해버,1
뿜뿜합니,2
물품,6
다도,6
비리비리,2
습,32
엽채,33
일자,45
효율,11
적임,11
뻘,3
호,263
꾹,45
매장,10
하자,69
치노,5
한그루,9
밭,123
패쓰,1
이지,9
옵션,22
상관,12
혼동,4
주심,21
버터,1
카이,1
비타민,2
신의,2
한수인,2
스마트,23
샐러드,6
샌디,2
거치,133
경토,1
발품,1
팔일이,1
배양,17
거름,26
훨,6
밖,78
어보,28
부착,46
덮개,3
세지,9
조제,1
짬,1
적극,22
배용,1
녹조,6
끼,25
도전,93
금요일,27
오전,101
토요일,14
기질,1
진싹,709
퇴치,166
모로,9
방아잎,1
맹물,42
토,75
나토,2
사업,16
습디,1
겨,2
렉스,2
로메,1
에타,11
토마,2
프레,2
충진싹,6
액제,135
분문,2
마자,7
혼합,76
거지,35
복,56
야채,22
먹이,23
야,1
간이,2
고추,214
전입,75
유문,1
레,2
적용,61
지피필렛,9
발근,134
스포일러,3
청양고추,2
석류,2
아보카도,14
명성,5
킹스베리,4
서도,70
외국,1
양호,10
버킨,3
비닐하우스,17
동야,1
블로깅,1
쪼금씩,2
심기,10
적당,2
개별,25
덜컥,2
눔,1
최적,1
시퍼,1
훨신,1
틍튼,1
따로따로,1
것좀,11
그때,59
고추나무,12
합치,11
개입,11
동봉,203
페트병,138
부탁,32
찿았읍니,2
폐하,2
디도,3
어디,72
내내,61
육안,16
거만,2
고추가,12
아시,6
고의,3
류용,42
사면,48
콜롬버스,3
신대륙,3
추석,7
연휴,49
장아찌,3
번성,7
관엽수들,2
깻잎,19
금박,4
도통,4
어찌,12
에조,2
양주,1
자동,238
밀봉,61
전무,1
컷음,4
료,15
용해,21
잎채소,28
훍,4
도주,11
무지,30
각종,74
파릇,1
릇,1
누액,19
신문지,20
실시,2
과실,5
아스파라거스,33
한층,1
요조,18
펑펑,2
운송,1
금귤,6
애플,13
망고,8
샤,3
해방,57
상토,47
배양토,48
손소독제,22
농도,2
숙지,12
발송,47
발생,51
소독제,4
차례,5
약효,35
장단점,1
맞춤,14
포,32
표,2
색각,2
전문,33
농부가,5
은공,4
면적,14
지체,1
케일,2
유툽,27
조건,33
콜로,2
숩,2
통통,2
뿌쩍,3
싱,6
입구,42
정상,105
쓰렵니,3
살포,252
표기,21
럭,2
소문,62
제주도,6
배송비,23
누가,7
씰링,4
안내,26
깜짝,29
젛겠네,1
정석,2
장땡,3
딸,7
래미,2
중인,28
수시,2
서주니,1
상한,5
볼게욤,1
지연,4
취소,8
식뮬,1
인기,10
품목,2
고갈,10
편지,13
마스크,28
삿습니,5
과육,4
채,149
삿,4
처,48
달리기,1
앞서,1
키트,4
늦,7
구해,9
구별,1
상치,3
열흘,18
해외,6
원예,2
진즉,13
유튜버기,1
넉,5
회분,7
검사,2
물량,1
손세정제,1
캡,2
장사정,2
현황,1
정제,1
보름,18
청소,27
조일,1
달도,11
겨우,3
사과나무,9
남음,2
비닐,61
대파,28
프리지아,2
호도,21
이란,12
아쉬움,28
폭발,6
재고,13
일괄,30
자도,10
생산품,6
대규모,6
조성,6
일조,6
하리,6
물량확보,6
공지,7
투명,72
븨니,2
같이살껄,2
괘춘네,2
구비,17
품절,62
또한,19
배숑,2
디,15
단기간,2
요긴,37
과일,47
으루,1
배합,2
정휸,2
티비,10
울란,2
의문,46
씨발,2
레몬,39
양으로,4
감자,45
와우,13
사용설명서,84
바이블,4
여먕제,1
주리,3
달달,1
셋트,2
고대,2
대한민국,4
대표,21
차일피일,4
약속,8
스트레스,163
유튜버보,2
어항,114
수초,91
전화,46
및,152
포털,1
블루베리,16
시라,3
목소리,3
젠틀,3
며,2
빨랏어,6
영상,28
상풍,1
보구,26
호로,28
소류,1
하내,1
호수,2
입문,8
볼라,2
라벤더,52
쓸게뇨,2
급니,1
조리개,12
왓,10
릴,1
조해,1
농업,3
유행,3
액비,8
손상,11
밌,1
친절,18
아치,2
쌨,4
컷응,1
껑,1
바즐,2
석양,6
컷,13
어유,1
날짜,5
가루,200
조인주,1
죄,1
딘,1
유제품,6
블루투스,1
노이즈,1
용한,7
장훈유튜버,1
지라,3
을,6
쓰깄습니,1
화실,1
여조,1
씨,29
알영,3
장모님,4
댁,17
응,11
인스타,10
미스트,15
꽉,28
이삿집,4
엉망,4
죽엇을텐데,4
떡잎,20
드뎌샀어,3
좋겠죵,3
님,194
오일만,11
레이니,22
샤워,84
런가,98
카시,71
프라이,5
덱,5
오일,189
발라,27
쥬,7
광택,12
어번,4
신선,2
리뉴얼,38
중간,12
패키지디자인,3
민트,46
려면,4
마다,13
순식간,9
연,16
바용,3
부유,3
케이스,6
라벨,3
선반,114
수채화,3
인조,8
꽃처럼,3
실제,87
카드,13
정성스,6
딲,6
먼지,32
힙하,3
모카,2
즁,6
쩜,2
해하,2
촣습니,2
광도,11
흡입,6
눈금,42
펌핑했,2
경과,37
여인,3
욕실,7
그다지,6
테라스,27
올여름,12
습기,13
커녕,7
빗물,7
곤,7
기름,37
부쩍,5
통째,12
번쩍,2
한마음,4
발,19
준수,5
어쨌던,3
조그만,19
개간,1
기원,22
벼농사,2
쌋는데,2
안함,7
퇴비,11
옹,4
훜,3
햇습니,12
다기,4
햇읍니,6
평가,15
고구마,14
토양,123
춘천,3
년도,1
과수,1
나기,42
생수,65
달이,62
유실수,4
자켜볼,4
건데,14
일본제,3
갠,6
별반,3
좋왓으,1
덤,13
아마,95
감기,2
유채,3
생물,3
발육,12
어우,1
장갑,86
봉,183
젛,5
반송,1
쪽파,8
노릿,4
다운,4
합,12
다농,4
다양,2
댜,3
환불,14
안해,46
아지,1
마법,12
홍산,1
마늘,63
양파,42
월,15
동전,1
잔디,407
김장,11
뿌렷는데,4
참조,6
적당량,1
동영상,19
무관,4
통보,2
삭제,2
적립,2
혜택,2
분재,16
대나무,3
단풍나무,2
백합,1
뽀족하,1
오이도,1
즉,24
이렁건,1
삼촌,2
키위,4
동백,53
엽면,7
무우,32
열무,9
본가,2
한버,3
구합,3
발버둥,2
과장,2
부자,4
비시,1
포도,2
작살,5
실망,14
논,8
병구,4
아버님,21
말씀,27
올릴겡,1
안스리움,1
글거려,1
했슺니,1
읍,7
주하,28
젔습,1
단말,3
역효과,6
괴사,3
요청,10
올가을,8
갈색,20
비사,2
탄저병,2
해주엇어,4
드렀,1
댓글,11
했습닏,1
리얼,22
문하,2
개사,7
작업,22
세심,106
미생물,24
참깨,2
옥수수,2
병인,7
독성,22
제발,68
웬,2
다섯,2
참외엽,1
생명,28
심신,4
안정효,4
다음주,13
해바라기,3
옆집,9
재주,10
지금껏,8
맘에듭니,7
툐,1
고온,34
엇네,2
닌깐,3
삼일,2
촣아,1
써비스,6
바이러스,5
효소,20
글쎄요,6
판이,3
실버,3
대의,23
미네랄,6
즉각,4
괸,4
리해,4
천연,123
정원사,2
알카리,2
복합,5
만난,6
허브,83
파프리카,6
안트,6
점심,11
바램,20
패스,20
스푼,89
모조,2
정식,12
주인,6
사냥,3
품평,1
뇌물,181
검증,21
주택,15
돌,11
사이,190
거제,14
엤,2
만들기,38
마지막,153
멀칭,2
피해,42
심,51
과립,8
보리수나무,4
진딧물,336
지퍼,58
뭐말,1
이필,1
시내,4
농,4
약점,4
절약,4
입제,139
벌,69
밭농사,9
첫날,29
그다음,30
주위,32
님유박,17
살충,74
유총,12
번데기,63
유충,184
추심,1
투척,42
뿌파,110
기계,14
보관,79
은화,32
밥숫,28
식구,35
뿌파공격,14
거르미,36
나이스,4
베롱,3
챙궈주시,1
나방,4
전멸,17
흙속,65
보이지,68
초파리,173
정기,13
띁어,10
뵀어,3
굼벵이,3
샘플,26
풍뎅이,1
애벌레,58
증거,6
보렵,8
일회용,14
수저,24
동네,1
재차,1
유요,1
농작물,56
몽창,2
강균,86
삘랏습니,2
전쟁,45
승리,3
한해,6
이빨,1
미립,1
놨어,17
농협,2
파심,5
솔솔,1
무심,3
흑,3
충해,4
열공,4
에궁,4
반봉,4
봉지,47
저울,4
뇌믈,1
잔디밭,69
약재,6
한계,4
도달,1
당귀,3
교가,3
구아노,27
결과물,2
성심,2
성의껏,2
퓨어,1
충,23
땅속,6
사용자,6
결재,2
시대,2
할인,4
줗,4
너희,3
창궐,5
뚝,2
나용,1
앞전,4
다사,7
용후,4
은결,1
가야,6
온라인,33
목적,43
귀농,10
쌨습,8
마인드,5
방문,35
물가,6
퇴취,1
종습니,1
차후,2
제바,1
받침,321
표면,37
조치,2
요약,9
상사,1
수목,3
방충,24
문제점,3
돌이,3
근심,1
동성,8
킬로,8
성충,94
패스트,8
세븐,8
끈끈이,94
겸용,9
설치,858
한가지,33
노지,41
임의,8
숟갈,8
재해,8
도편,6
소식,5
유박,24
랏,14
먹거리,3
열,51
마나,1
도시,4
판단,9
다리,49
뿌리혹,4
랍니,7
나눔,1
밭갈이,2
썻던제품,2
에끼,1
진딧믈,1
굼뱅,1
빌어,4
떡,19
톡토기,11
쪼금,3
팁번,3
사탄,2
진싹흙,2
런,5
기어,24
군,2
놈,67
잘왓어,3
뿌파땜,5
매도,19
땨문,8
만원,25
단골,14
팩,34
주름,9
반농,4
약사,17
겄,1
뷰티,4
바리,4
멘트,4
트,7
유기농업,26
자재,27
초기,12
친척,19
어르신,4
가든닝,1
마리,229
익일,9
금욜,5
스테비아,5
배면,5
그램,8
하나요,5
친정엄마,16
요기,3
최후,24
보루,2
스테비,2
자국,5
파가,4
입자,1
작고,155
안생겨요,17
겄읍,2
경운,2
시체,2
합넌더,2
잡기,22
농사일,3
결구,3
금사,3
씨익,2
자의,5
정,30
괜찬으,4
회충,1
들어잏는,2
메모,2
요충,3
옥,8
기다해,1
생태계,4
호해,4
밑거름,4
서무,3
사어,2
하늘색,9
병과,2
흙위,8
차원,131
극적,1
구루,2
만금,2
휴믹산,4
풀빅산,4
습격,5
구출,3
번지,4
무려,6
스테,6
비아,6
걎구싶어,6
최저,6
관리제,12
명,1
유황,17
썻어,1
바퀴벌레,19
시공,6
듬쁙,2
평정,11
수확량,2
쭈글쭈글,1
구멍,13
유독,13
겨자,5
무한,8
반복,19
걸거,5
리지,43
빼,7
월요일,2
놨더,2
허얗,2
곰팡이,79
포자,2
몃달때,3
안썻더,3
졋,10
개미,57
고추모,17
종도,17
천국,10
티스푼,37
계서,4
하겟습니,3
썻는데,3
접촉,3
팔면,3
타격,3
난뒤,2
굴,9
적도,29
건재,5
뿌,19
긴급,4
돠,2
시각,14
쵝오,4
쇼핑몰,2
녹,4
줄알,2
청즹,2
곳도,18
혹,14
탈취,5
마무리,5
박별,2
써비,5
정액,3
청정,13
바램임,1
요사,2
페이지,38
가뭉때문,2
진딧불,2
극성,24
미니미,5
응애,243
출몰,29
포카리,4
음료,4
일도,26
햏어,1
서서,1
몰살,2
플샷,5
상큼,3
둣,1
아다라,1
머바차,1
검정색,1
뙇,1
성의,3
은줄,3
사도,5
걔,2
어머나,13
관수,7
머르겠,2
숱,2
가락,4
퍼,2
물약,2
유트브,10
날벌,1
노즐,1
금액,14
서기대,3
효과있넜으,2
정량,42
우수,2
파리채,4
톡톡,28
꼼꼭하,2
킬로그램,2
죽음,52
감솨,14
가바,1
오일이,32
좁쌀,11
근래,27
해지니,10
발사,10
특유,32
인상,10
둘째,10
님오일,83
주해,12
지진,3
야옹이,3
사투,5
벌이,5
마무,5
덩,5
끈,95
이안,14
수기,5
조급,5
요통,3
살균,15
밎,8
계량기,2
무슨,33
클린,1
베이비,4
핑크,93
숟가락,52
화요일,9
켤레,5
왕,22
미개,3
봉상,3
태고,3
페츄니,3
가사,3
할양,3
입소,2
삿는데첨,3
닏,1
상충,2
까페,10
회원,2
씰링처리,1
플라스틱,66
겉면,14
스티커,90
대요,17
크라켄,5
홀린,5
듯이,5
퇴,2
찿,8
의심,58
일시,10
경유,8
빅카드,8
죠죠,1
달걀,2
당일,18
한양,1
휘발유,3
감나무,10
꽃눈,4
기온,15
회초,1
지도,30
솜,11
발레,3
종합,4
아두,12
댕겨,4
한국,3
춘란,3
마게,15
스까,2
알게되엇어,4
오존,19
해주,9
요게,19
유칼립투스,42
가용,1
화제,10
눌려,5
친환,2
경방,2
제재,2
파리류,2
유화,8
무적,1
관를,3
쫌,15
섮,10
이정,34
고통,17
찬물,10
덩어리,10
물위,10
둥둥,20
시점,10
진디,11
무진장,2
써보렵니,4
빠루,2
곤충,52
기피,4
묭,3
개체,45
염려,75
네,8
성,2
넝쿨,15
수국,22
평생,32
기겁,15
네네,2
상픰,2
지난주,9
덩굴,7
관목,5
선,263
훼손,3
놧,1
벼룩,8
배추벌레,7
점임,2
얼씬,2
달팽이,5
생존,47
보람,5
골치,7
금년,3
공격,5
실감,1
계,4
됫,2
안전힌,2
무당벌레,2
놨는데,2
복수,2
즇습니,4
경,1
처은,3
갈라,3
글구,3
용감,29
무게,257
비중,3
얼추,3
손해,3
하렵니,3
장사,3
변형,1
누,11
손가락,31
비비,3
홈,8
피우지,2
접시꽃,2
발그레,2
무조,2
병뚜껑,6
미국,3
선녀,3
충분,21
세제,5
계면활성제,2
참가,6
일차,39
잿빛,6
중탕,10
사항,65
가뭄,20
수도,244
우유,10
대용,33
첮다,2
괜첞은거,2
라서,10
서서히,27
사룡,4
흐믓합니,1
최소,79
이내,4
느,3
정원관,2
롭,2
진행중,8
제보,1
만억만억만,1
만적,1
녜,2
뿌러,4
트리오,4
한글,1
재작년,2
서요,1
놀랏습니,5
한컬레,3
여유,31
붓,6
퐁퐁,2
호감,4
무독,8
삿습,2
았,1
벼르던,2
경이,15
야생화,2
묶음,1
홍,2
가시,3
담배,1
확신,2
뿌렷,3
치료,32
두루,53
서치,7
후다닥,13
임시,35
하얀색,69
지렁이,3
축소,3
움직임,13
방목,3
일향,7
격하,7
페츄니어,7
때매,7
핑크색,91
계피,29
삼,6
슬금슬금,15
껄,10
분도,4
인위,9
매,11
감시,4
극정,2
읎네영,2
영향,167
추출,66
스포이트,14
다닥,27
거품,3
수하,23
무도,3
나비,15
초토화,5
비커,3
주간,6
뿌파때문,2
거저,13
반면,2
슬슬,57
명자나무,2
벤자민,10
잎압,4
흥건,12
밤새,7
겄습,4
약제,33
보급,4
습니,2
테두리,14
띠,10
잠시,34
검은색,4
아카시아,10
맛집,7
잎나,7
족족,11
치약,14
뿌렷뒤,1
목마,2
가렛,2
하향,2
착용,10
장미화,2
아누,6
골,38
안이,18
잎를,2
양난,4
축하,4
몽땅,4
각,15
문득,8
최신,3
자네,2
재발,2
후경,20
일전,8
집게,198
절반,37
이어도,9
팔,9
대책,9
일욜문,4
섬멸,2
현저,5
할껀,1
대서,11
삿는데,2
연방제,3
유목민,21
졸업,8
구나,3
절,13
심리,2
안정감,59
염좌,2
거미줄,19
악,7
아로마,2
별의별,11
도배,11
모래,82
약도,11
극단,11
외관,41
약과,11
심해,11
장지,11
정착,65
바위솔,2
반점,32
좋네욤,5
완전체,3
진득기,1
출근,49
제외,8
구석구석,3
긍금,3
희망이,7
최,14
가안,2
주정,39
방역,14
낙엽,49
증상,3
증,3
대기,5
천혜향,1
치면,22
드,26
써볼게욤,4
욧,5
문의사항,3
징,3
개각,2
급감,2
싺,1
선인장,127
파종,5
보리,2
잆,2
박살,10
당황,19
수령,19
로즈마리,85
혼합물,2
완충,2
금은,4
낼,3
이슬,10
페트,2
분해,78
색갈,2
플랫,2
번더,3
감촉,3
눈치,22
화촌를,3
하루살이,31
타파,2
그른,1
분부,3
카네이션,8
닌,2
화,4
땸,2
곰,16
팽이,1
쪼마,1
덕지덕지,1
소재,3
쭈욱,3
산지,8
부화,2
제제,2
납짝,2
양반,2
렁능,2
여서,18
발렌타인,2
지드,2
오구배,2
유효,4
칠만,4
지그,3
충균,4
나야,13
임산부,2
요다음,2
오시,1
관음죽,1
딸아이,6
규묘,1
얼,18
잎속,3
모기,36
아영,3
제뿜,1
시청,7
교차,23
저온,7
초순,7
유인물,7
왕성,4
음청,4
되겠쥬,4
삽,96
목하,48
삽목햇,2
목시,27
침,7
지용,4
규산,4
황,7
학인,1
목성,19
공률,28
코마,5
손편지,6
프린트,2
꽃나무,25
탱자나무,2
설영,1
참죽나무,1
니드,1
야자,73
삽목용,21
제철,3
회석,28
이식,2
고초,2
옥적,1
포도나무,1
전단지,4
오늘이,11
어머님께,3
일요일,10
뻐른,2
사눟,1
깜박,10
자신,1
파릇라릇,2
일후,2
혼용,7
루브스,8
덕이,4
됩니댜,4
튤립,19
구근,5
애정,2
셈,5
쥬셨,2
오용,2
민감,3
한편,3
원룸,19
꺽꽃,1
특성,62
코르크,3
주둥이,3
숫자,3
개념,3
실패,6
확률,2
일수,5
어기,4
행동,4
이불,4
장사꾼,4
라면,111
둥이,3
히아신스,4
햅,8
관런,3
콩나물,9
몬스,8
리기,47
대량,3
자두나무,2
레카,33
일인,8
기둥,121
뚜렸하,3
보너스,3
영국,3
메네델쓰,2
잔뿌리,5
메네델,53
싱긋,2
쳉겨,2
엘보,2
짱짱,9
아야,3
저면,3
번것,3
이중,26
그린,441
화살나무,2
단백질,3
주목,4
공중,24
꽃다발,5
쫗,5
배율,2
체험,30
학습,2
상비,2
왓어,8
신물,3
포토,1
등록,1
델,6
뽕,2
활착,9
부속품,2
잘삿어,1
들소리,1
쭈리내려,2
잡지,2
물꼬,2
동그라미,4
퀴즈,4
짜증,4
대충,58
넬,2
철분,1
의무감,1
잎눈,1
테이블,53
커팅,1
벌브들,1
부리,20
난초,4
족,5
럽,1
누구,7
우왕,5
왜사,5
막상,8
삽목때,5
재미나,7
더더,13
무리,11
발현,5
또전,3
풀,99
잘삿습니,2
컷팅,1
보태,2
굿굿굿,2
수간,5
주사,10
용구,10
병투껑,5
헤,5
방황,5
조경수,5
도안,19
리톱스,1
보편,4
분량,4
전문가,11
트렸,2
널리,9
주도,9
엎,9
변,11
것일,14
넹,3
수지,1
삶,1
심부름,2
먗,2
가닥,2
계정,2
짤슬게,1
차차,1
검,2
기타등등,3
잏으,3
커피나무,5
마감,26
분전,2
수해,16
잎콫,2
수중,3
쪼아,3
무름병,3
홍콩,14
프라스,14
와글와글,2
약물,2
부작,2
요강,3
슴둥,1
가품,3
출발,1
아무,19
드니,8
꺽꼿이시,2
카스,1
남천,1
촉,69
호접난,3
육질,3
발끈,2
뱌송비,3
옴청,2
보수,1
놨,8
로키,2
버막바,2
프린세스,2
왼쪽,11
오른쪽,13
일주,13
정체,7
잡초,571
이끼,14
침식,7
걔네,13
득세,3
부작용,24
우물,4
제초,23
경쟁,10
심은지,5
난중,2
진자,1
티날때,1
잔듸,14
잡풀,26
성과,13
스리,3
멀쩡,1
가라,27
훠이,2
이벤트,28
제초제,73
지난해,2
열쓈히,3
경기,2
집중,392
시듬,2
복원,2
벌초,17
래야,4
쿨,1
토끼풀,19
밀림,1
태풍,7
뿌릴꼬,2
지방,7
자바,59
신랑,5
기타,4
살포시,11
억새,4
산소,31
일일이,16
구역,12
땜시,3
로작,3
도저히,12
도대체,5
심정,5
초반,6
목록,5
홈페이지,1
아래,235
중순,9
드립,4
방금,10
리트,4
색소,4
적,61
외출,2
길냥이,2
돟아,3
재송,2
볼때,6
해명,1
해승,20
바이오,32
보호,19
숨구멍,2
수로,15
조마조마,7
업무,10
여주,11
만족감,23
입사,7
단,66
바랭이,7
시차,7
발전,22
품종,1
진행,4
리만,4
고사,4
소비자,3
태도,1
묘소,1
첬는데,1
민들레,11
바나,1
잔뒤,5
컨데,5
집약,5
무거워,98
씨름,11
새볔녁,4
괜찬,7
바닷가,4
괜찬네,1
상표,6
개선,20
감샇바니,1
예비,14
대문,7
정신,11
육체,7
화산,7
헀,7
푸른,12
노이로제,7
만세,16
대처,6
형님,2
배려,29
파시,2
싸움,2
도포,3
더욱더,2
도중,3
송해,3
안전,37
연속,10
곃,3
클로버,24
어요,23
요사이,3
선포,3
하샤,1
제기,2
뽑기,2
무한대,2
노동,6
왕풀,3
호미,3
서리,2
편임,2
빈통,2
원,2
날라갔슴,2
아라사,1
모닝,3
흠벅,3
드루,3
깍,9
반나절,9
틔,2
무료,24
저런,16
바싹,12
욕,5
바가지,5
부활,5
삐른,1
모르겧음,1
질경이,8
흙밭,4
야합,4
생물학,2
다수,5
쌍,5
송장,2
사이사이,8
잔풀,2
언넝,2
언넘,2
종별,4
한순간,4
비쌍니,1
부위,6
달전,2
뿌렿는데,2
느데,4
인새,4
봄날,4
혀니,4
잔디깍기,2
밀고,2
관계,16
부품,1
하필,14
우기,3
포전,3
아저씨,4
리오네,2
비온,2
포장재,6
깔때기,4
햡니,1
건너,1
처마,3
전원주택,2
소탕,1
작전,1
장바구니,8
수량,2
쎠,2
안쥭이면,1
거짓,2
불편,11
웬만큼,2
사랍,4
걱벙,2
친철,2
맏,1
시험,18
이삼일,3
재거,2
뜰,2
폴,2
해메,3
픽픽,3
북니,2
요정,6
올게욤,6
핫뚜,6
의중,1
노,2
토키,3
분기,3
지누,2
배포,2
고고,2
한식,2
모델링,2
기사,7
토기,4
밤,179
비그,8
누렇게,8
초제,3
소문내기,1
아유,3
샇랍,1
감소,8
주가,24
명절,2
로젠택배,6
혼재,4
들것,4
일기예보,12
개일,12
의,28
담당자,24
유의사항,12
소감,12
답글,24
소통,12
더없이,1
짚,2
블럭,9
몆번,1
사무소,4
자고,13
부처,2
잘잗았습니,1
슺,2
시행착오,14
집앞,5
결론,74
비만,5
기업,14
의아,17
파란,23
호미로,2
보심,3
고단,3
통더,2
누르스럼해,4
지네,5
괜찬아,5
젛아,1
비옴,1
자비,2
오구해,1
볼깨,2
획,2
이욜,1
맑은,19
쫘악,27
고약,1
바지,5
대체로,3
쓰꼬,1
좌악,3
풀다,3
모조리,9
았습니,2
의외,59
타이머,558
알람,59
부피,317
책상,265
피아노,59
니즈,59
차지,263
스탠드,1030
곳곳,91
내지,64
관점,59
중요,94
밝기,414
단계,110
해치,119
무색,59
고정력,61
작동,138
계기,59
전반,63
분위기,295
충족,68
성품,153
선도,95
전원,122
본체,130
전압,68
동일,30
누리,19
마루,23
방편,15
빼주,15
날개,124
요구,40
범위,187
보조,118
몸집,17
조명,743
파사,212
환상,20
조합,54
갓,191
블록,20
불량,112
전선,87
연결,37
무게중심,44
리모컨,61
어딘가,42
해당,33
만약,33
보강,20
하단,119
고정,446
겁,20
조도,61
설정,104
기재,25
사흘,20
웹,20
발신,20
톡,59
톡를,20
설,20
패드,67
안정,77
사르르,12
아래쪽,14
배치도,14
도도,17
앙증,24
과로,14
얼음땡,19
놀이,14
마오리,14
소포,18
라가,14
연두빛,14
방향,54
나누스,28
에렉,14
대보면,14
측정,29
전구,642
주먹,14
우산,119
콘센트,101
클립,138
포트,45
로만,17
위아래,14
폭,20
포트만,14
컴퓨터,14
뗏다,14
최애,32
컬러,35
쨍,20
높이,303
낭,4
보랏빛,24
여자,14
목표,19
분홍색,18
채광,29
불,106
꽃필,10
기미,31
침대,58
패턴,10
여섯시,10
열시,10
빛멍,10
일과,10
태산,8
버전,49
중형,9
각도,65
측면,16
포인트,71
낮밤,4
공해,4
사후,4
언니,20
형광등,17
파장,21
내기,11
외형,11
우주선,11
모양,104
시절,11
안테나,82
삼발이,38
최대,64
연장,25
전기,46
서쪽,11
조명등,17
기세,34
구안,12
스위치,108
확장,201
통과,27
핀,22
임더,12
백색,61
구분,32
부스러기,29
파편,17
남짓,17
수형,19
칸,40
지름,28
침실,25
취침,18
기상,17
무드있,17
수형도,17
용품,29
신제품,36
기웃,31
거릴것,17
스텐드,43
반심,5
반의,5
조립,93
유치원,11
수준,30
이로,16
한라봉,5
뇌,5
소정,5
원고료,5
블로거,5
조화,20
안내서,10
배치,137
찰떡,17
점차,10
단비,10
중대,10
무용지물,7
전통,23
바느질,7
매경,7
아내,7
주광,36
배터리,49
출력,9
휘,43
펑평,7
하양,14
파랑도,7
나마,9
협소,9
광량,225
균형,9
불안감,20
선정,21
리용,9
문구,9
어,33
무드등같,16
이웃집,13
토토,13
화이트,120
라디오,21
움직,35
오뚝이,13
성감,13
불빛,94
어댑터,126
어쩜,26
리도,25
빵빵,11
보일러,20
시스템,10
높낮이,38
손님,10
베스트,22
멀티,8
론,8
소품,25
한마디,12
색인,32
오렌지,27
호강,7
전등,193
필때,4
북향,95
수요일,16
커버,122
안성,24
개지,20
심플,56
드릴,23
구경,32
전파,58
카달,7
로그,7
유에프오,7
멀티탭,15
미관,27
편의,7
감수,7
고서,7
최상,7
램프,53
오피스텔,18
건물,29
쿠,11
답터,14
리모콘,22
무드등,106
상대,11
위안,23
좀처럼,11
무소식,12
쪽꼬미들,6
윙,16
샵,12
갯수,30
탁상,1
시름,1
비운,1
분포,1
감성,22
쁘띠뽀짝,5
토분,11
보라색,39
정육점,17
사진빨,10
장비,32
천재,7
금속,5
귀차니즘,13
거북이,14
수조,6
물속,46
스테인레스,12
잠,15
다용,6
개봉시,9
최대로,11
억지로,10
코드,33
간,11
깜박임,9
검수,13
직립,9
조잡,9
하디,9
업그레이드,44
메,20
다짐,32
본기,20
애꿎,20
줄곧,20
전투,20
무쌍,20
휑,20
에너지,20
옆옆,20
당첨,37
봄철,5
룸,11
지붕,5
당장,19
집계,5
일석이조,15
단자,8
틸,16
란드,16
레인보우,12
나타,12
나이,14
가방,12
마음대로,16
어머,12
예뻣습니,12
럭셔리,12
기만,32
도하,8
눈부심,59
완젼,13
규,12
로주,8
파일,8
카톡,8
틈,22
귀요미,7
소코,46
겸사겸사,25
선사,10
몹시,10
장악,6
킬러,6
버튼,69
무배,6
꼽,27
사리,6
개도,39
자바라,50
스타일,22
감각,6
수행,6
사내,6
핫,6
레이스,6
늘일,6
동료,18
생신,6
에스,7
구형,25
커넥터,7
꼽을수,7
일체,7
종이컵,15
랄일,7
보석,24
중심,40
삼각형,12
옛날,11
주욱,8
한몫,8
삼각,17
두기,19
살걸,62
조명도,37
간접,51
리스트,6
호기심,7
부비,5
도작,5
학살,7
학자,7
청년,20
몬테,21
기와,7
미소,7
기부,12
신아,12
사라,20
글쎄,12
빌립,12
최하,12
층민,12
코노,17
분할,24
자태,12
블링블링,12
개님,12
탈모,9
불어,9
두둑,14
은인,9
구원,10
협탁위,14
에두,38
감상,14
형광,17
꼽으,16
굴광성,14
애정도,28
막사,14
꼽기,20
와트,16
몸값,24
배꼽,14
현실,32
기쁨,24
호구,14
대형,40
개정,23
발열,66
개집,16
젓가락,64
뭍,16
오지,17
근처,50
대형화,16
의도,16
금물,18
고급,16
라이프,16
상시,32
산화,16
고장,33
권장,16
앞쪽,14
어도,13
가운데,77
그요,10
투,4
연구실,8
위태,8
워,23
케이블,35
고정용,8
점착,23
밀리,8
증말,6
쪼꼬미,12
유사,4
스틱,8
저절로,24
부겐,4
베리아,4
지역,6
직전,37
사기,19
빈티,52
아이디,5
쿠션,3
부쉬,3
선풍기,13
쓸모,8
가능,11
베이지색,6
테이,6
핑,6
제작,7
스텐드형,11
떨어트려,7
찰싹,7
트릴,7
중국,8
바잉,8
엽서,8
프리지어,8
초장,8
센티,154
아슬아슬,8
기장,8
반정,8
압력,16
눈뽕,22
위험,15
시야,8
영역,13
아랫쪽,15
광원,8
무선,5
유선,5
삼다수,5
켜둘,3
동시,34
책자,5
방해,5
다합,22
컴팩트,22
저만큼,11
소규모,13
카모마일,27
이주,13
오프,17
파트,5
필름,5
크다랗,5
실리콘,4
갈등,6
마침내,6
오잉,6
스탠다드,6
바이올렛,6
본인,8
셋,6
매직,5
고정은,5
하진,5
주거,20
불찰,9
햅피,9
문도,4
작,46
광힙성,3
맨,4
누런,4
블루텍,9
갑,9
꿈,47
잘만,9
킨,9
굴거리,5
이신,5
낫,17
신혼집,4
흥미,4
드뎌찾음,7
잉,8
쪼깐해,7
있네욤,7
장안,7
고봉,6
게발,6
선인,6
사다리,6
누우,12
행복,6
밧데리,4
충전,24
이중창,15
종기,17
거금,15
투자,42
판지,15
패밀리,20
분리,48
배출,15
대머리,15
인생,4
단독,4
두셋,4
팽이버섯,4
휴대,5
충전기,2
골목,5
주택가,5
무르기,5
팝핀,7
화면,7
라이트,14
일조시간,7
제한,7
소생,7
정작,8
글로리아,5
똑,20
망손,5
꼽는거,5
벽지,10
굳이,25
밀지,6
제방,10
어뎁터,40
드네용,9
장기간,30
재택근무,6
애완,6
눈맞춤,6
명언,6
확행,9
심장,5
고심,15
세기,20
쟁여놓,11
기숙사,6
방이,60
안통,5
재활용,5
페인트,9
흰색,96
복도,6
한도,6
막대,9
하나고,6
필립스,90
옐로우,13
개시,6
합격,3
안성맞춤,6
지상,4
귀염,6
뽀,4
칼란,4
디바,6
부엌,7
미라,4
센치,7
내외,3
감전,3
측정기,21
양쪽,49
넓이,6
고려,22
북,12
대치,6
다,3
자랑,3
꿈쩍,6
버섯,14
볼걸,4
와중,16
전자파,3
파스텔,4
블루,43
셨다,5
샛노,6
점박이,12
쪼꼬만해,6
아스타,5
국화도,5
봉오리,5
성해,8
배정,11
소유권,10
마트,10
일개,10
빌런,10
자기,17
켯다해,10
알림,20
나가요,10
켯다,20
다오,10
은행,6
아이폰,4
상처,5
폼,14
로터,14
바키,14
막대기,5
불만,5
어쩐지,5
발코니,11
빛솔,5
순도,29
찿았어,5
상가,4
매화,5
일지,9
부근,4
럭스,4
둘곳,4
번개,5
페어리,5
스타,5
이케아,69
바깥쪽,4
화사,5
꼬불이들,5
직사,6
광선,6
반성,6
뭉텅,6
자제,6
휴가,4
조정,30
흐흑,3
경향,3
중품,3
층집,7
파리지옥,21
잡채,5
보광,13
천차만별,3
손색,6
어랴웠는데,4
등부,3
정시,3
명덕,7
엪,3
몽우리,5
안쁘,3
외양간,2
격,2
한창,7
캄파눌,2
반음,49
쟁여놔,7
젤리,27
의식,8
갈수록,31
마는,8
반전,5
양식,5
장식,48
고리,3
푸릇하,3
본전,5
예약,6
정격,4
어답터,4
존,7
어째,5
개덕,5
망치,2
소비,18
깜,2
자주색,3
엄청쌔,4
몰래,2
작약,4
미드,4
츄리,4
마삭줄,32
초등,3
해저,1
와이프,3
발색,5
해만,6
영업,3
단말기,8
펠레,1
늄,1
확연,4
척척,2
렐레,4
녹색식물,2
북서,7
벽뷰,4
어울림,4
공간활용,2
노랭,3
주황,4
텍스쳐,3
촥,3
화이,5
동력,2
직경,29
살대,1
만듬새,7
유리,30
반투명,3
열도,7
전달,4
현관,15
뿜뿜,3
보스턴,7
넢,3
다자,7
연필,5
낌,2
몬티,1
주르륵,2
강도,7
올린다,3
개보,4
가대,2
유용,2
빠짝,1
파랑,3
테라,8
리움,8
셋팅,3
베고니아,14
슬림하,8
형제,8
등선,4
추장,4
제자리,4
완성,49
기제,4
퓸,4
닞,8
켜두,14
쿠폰,6
살림,6
확보,6
휘었어,5
거주,2
잎좀,2
긍정,19
화로,2
등색,2
달개비,3
꾸밈,2
하월,2
시아라,2
필여,2
한정,17
어행,2
교체,13
엽기,2
구름,3
카틀레,2
해소,2
메딘,2
차이나,2
정이,3
쪼매,11
한텐,4
방전,1
삼각대,12
딥,3
허위,2
코노피튬,2
분안,2
식존,3
요음,5
황금,2
생일,1
후론,4
직광,3
봉숭아,2
특별,2
패키징,3
불안,8
춘하,1
던파,2
살때,6
접착,6
릇푸릇,2
셋팅못했,2
긔,2
중점,1
상단,3
코디,3
갸웃뚱,2
예감,10
장선,4
시선,4
군더더기,8
톤,8
은색,28
햇빛량,4
요런,2
개두,4
다량,3
술,8
소형,8
세팅된,2
우연이,4
초코,8
리프,14
햇빛빋기,8
교민,8
서재,6
비취,4
댐,6
한적,8
창,14
야간,6
불도,2
데이,8
향햐,1
열정,3
깜깜,4
세진,3
충당,1
위층,3
아래층,4
안부,1
도나,1
멀리,2
칫솔,2
초설,3
픽시,1
라임,1
탈출,30
라임색,1
마음껏,1
협,3
소한,3
콤팩트,2
가분수,3
버티고,1
쟈사,3
만하,3
고스,2
투키,2
외적인,1
켜보,2
미니미니,2
남자친구,5
우산도,2
왕왕,4
유레카,4
유모,2
에어컨,6
우풍,1
치자,3
안치,3
손절,3
쨍하,7
무거,2
서질,18
켜듀,2
잘해야,2
파고,2
넘쟉아,2
신경안,3
소등,3
수면,20
다작,2
이사해,3
자립,1
두운,10
싯물,1
쥭,2
은애,2
백프로,2
뿜어주,2
레트로,3
아이비,40
잔고,1
이의,1
접착제,1
기선,5
능이,1
욘,2
단순,1
손바닥,28
턱,12
저리,27
생가,3
메달,1
데바,4
꼽아,7
준날,4
푸릇푸릇하,8
할탠데,6
군엽,1
증식,17
브링,3
스꺼,3
전력,3
괜챤아,1
순나,8
꽃몽울,8
아이스,1
새살,1
등용,3
타네,3
실사,1
퓨화,1
자랏으,1
박아,2
깅추,2
괜츈해,2
갘아,1
보라보라,1
느무,1
이조,1
살라,2
최강,2
애도,4
기정,2
화용,2
쨩쨩,2
뽀짝,2
파랑색,2
허리,8
더삿,2
에아,2
질도,1
거사,20
훌쩍,3
린,26
은감,3
걱정돠,1
상대로,2
호접란,3
찐드기,1
덕택,2
한가운데,2
그녕,2
출고,2
어어,5
반지하,7
쫙쫙,2
한빛,4
놀랏네,2
벽쪽,2
애옹,2
시위,2
삼각지,2
에쁩니,3
뒤뚱거려,5
큰일,8
뿌러졌다,4
햇수,3
됴,3
최소한,1
정은,2
업글,2
은기,2
칭구들,1
대가리,2
에쁘,2
스텐,2
쫌더,2
틴,3
응달,1
뻣,8
빳빳,2
당신,2
문갑,4
넘귀야븨,2
살껄,13
슬림해,1
강하,1
동백꽃,5
천정,12
퓨처,301
퓨쳐,135
확산,249
신형,12
볼땐,6
구색,71
비올,1
말림,3
광장,2
양상추,1
채심,1
쵝,2
오입,2
일정,2
마다가스카르,2
소켓,214
망,23
미세,7
말리,7
창틀,33
구부리,10
열자,6
알리,6
사자,6
아일랜드,6
식탁,6
만능,2
하룻밤,2
생생,2
플로,20
수명,5
유묘,2
변환,3
가구,39
모말,3
매력,3
초꽃,1
구화,1
좋아뇨,1
곁가지,2
만남,1
벌떡,1
넌,1
식육,18
전전,18
니시다,18
수치,77
논문,18
제곱,18
반비례,18
측정값,18
사각,18
엔젤,19
로우,18
은목서,36
셀릭스,36
가로,18
신스,2
절실,7
이론,30
자료,23
피망,23
이강,23
추,26
덴,23
드론,23
대관,23
사막,23
이기준,23
밀도,23
맘에듬,23
중앙,38
부가,23
더쌔,23
가장자리,46
으러,23
부의,23
낭비,23
형강,23
추퓨,23
퓨,23
린스,23
행시,23
난이도,23
감사용,1
불핓,2
출장,1
안턴,5
오늘내일,1
고조,2
주황색,7
곽,22
천장,81
마끈,22
껄끄러움,22
고대로,22
금동,22
명색,26
마주,22
찰,22
발품팔,22
이아주,1
미니바,35
의자,1
스탠딩,4
둘레,4
질감,6
호프,2
식묵,2
등기,2
입다,1
창밖,2
대낮,1
상담사,5
베이스,3
박쥐,4
손목,4
별개,8
충격,8
멍,8
가늠,5
이케,5
레르,5
배선,5
나위,5
드라코,8
실물,2
대란,4
여준,4
의지,5
추강,3
근거,2
베리,9
햇빚,2
쑥쑤컷으,2
본격,7
발화,7
괜시리,2
남아도,5
씩,2
쨍합니,2
정면,9
선호,9
테크,9
여름철,9
미세먼지,8
장용,8
이도,15
마켓,12
우려,4
볼륨,4
출근길,4
방한,4
안정은,1
추위,15
레일,2
중소,2
한낮,3
요금,2
껀,4
슬림,4
조사,52
나열,13
범용,13
사가,13
년전,5
피로,9
맹그로브,1
전의,3
실외,51
각오,13
훤,1
암툰,4
헹잉,4
알듯,2
겎,3
맨손,7
헷볕,1
나먼,3
다비,3
도용,3
데스크,3
똭,3
거울,3
잎오,2
장스텐드,1
다마,1
잠깜,1
앞동,1
혐생때문,2
레전드,2
승,2
랬드,3
업로드,3
비법,5
전수,5
꿀팁,2
자로,2
이왕이면,2
핓,2
빨리왓구,2
셧구,2
쥽,2
그나,2
스스로,14
파슬리,3
똑바로,16
부시,32
특수,16
오픈,27
봉물,48
부부,16
과잉,2
빛쪽,5
신기하,5
미터,5
결선,5
날뻔,3
쿠루프,3
도어,3
스토퍼,3
꺽,2
양귀비,10
신고,10
레르스타,10
독서,9
필립,2
새봄,3
결혼,10
몰이,10
인스타그램,3
삿네,2
달기,2
아이보리,3
나사,4
사람인,4
해진,2
더피,5
살이,7
첫인상,3
급속도,3
자외선,3
꼬,16
쪼끄만해,6
라라,4
러,4
브이,2
발광,1
빠방,3
개수,3
연장전,20
원선,30
실장,20
땔,10
타이,20
브라켓,10
철망,10
엮었습니,10
식생활,18
식충식물,3
겧음,1
오징어,5
빨래,18
건조,5
대위,5
입안,3
저녁때,3
접혔던,3
주자,3
바뀠,3
뒤쪽,23
뻑뻑,3
구상,3
당근,3
햊볕,2
불투명,7
적색,14
핸드폰,7
초초,3
동해,1
사보,3
외한,4
뮤,2
디쟈인,1
종일,13
스테인드,3
글라스,3
매하,2
따땃하,6
생해,4
여름내,10
결,10
담쟁이,10
신,13
펜던트,10
난색,2
무드,2
응원,6
오르비,6
폴리아,6
좋아욤,2
눙,2
주저,15
빛좀,7
그림자,7
가습기,7
대면,17
관엽종류,5
는바,2
개월전,2
온기,3
태양광,5
빠,1
색온도,7
뿜,3
브레이,3
니아,3
비어,5
대세,1
지로,3
강남,2
빛깔,2
줌,36
전과,3
마디,1
오색,30
장착,4
센걸루,4
구피,17
누런잎,17
부상,17
초인,17
아마존,17
비트,17
브리,34
밑바닥,17
권내,17
번만,17
엄지,17
순서대로,17
민기,3
버,1
굿잡,1
휘거,2
과극,3
배관,4
걸이,23
제격,3
유무,2
등달,3
광일,2
남서,4
차근차근,4
등쪽,2
겉으,2
고니,3
순은,3
퓨전,3
회,3
필라테스,2
무드등효,1
아디,2
안텀,2
조언,2
서지,2
덩이,7
급성,2
한눈,2
동반,2
마늠,2
일쑤,3
구사,3
이크,3
읅,4
옷,4
구이,4
고도,2
일상생활,4
동선,4
등지,4
두개살껄,2
라지,4
끌,3
무렵,3
위험성,3
처스,5
씨디,5
거북,5
콩란,5
트리처스,5
사람과,5
영화,2
모름,1
미처,4
놨네,8
처지,4
탁탁,6
씌어주,3
더살,2
요단강,3
백이,4
강원도,6
분칠,6
일사이,3
피신,7
이미지,7
물리,2
모하,1
헤메,3
기스,3
일해,12
비지,12
배민,12
말로,12
듣보잡,24
인지도,24
애초,12
놨습니,12
경품,12
용지,7
해바라기씨,6
상주,2
선전,2
이그,27
호가,40
엽체,27
화훼류용,27
녹지,31
침전,38
수화,27
부,47
수익,27
즐거움,27
이익,27
로또,27
염소,13
수돗물,13
뵤,7
음날,7
축처,7
저서,7
경찰청,3
제당,3
점성,3
화학반응,11
순서,11
입도,4
처분,4
본대,4
하나라,4
커리,1
필연,25
득실,25
동충하초,36
정해진,38
침투,35
여담,25
촘촘,25
초여름,25
클릭,25
반영,14
가든,14
생강,14
거도,14
다날,14
근본,14
외피,14
체내,14
물질,19
신나라,14
침범,14
마한,14
가루타,14
락,28
이사오,29
음식물,41
내부,29
수단,29
옮,29
간다,29
무지막지,29
패,43
일종,11
종벌레,11
원통,13
수합,11
속수무책,7
깡,7
고무장갑,7
평인,7
놨다,7
초과,7
온전,7
잔싹,16
텃발,3
스트랩,7
탄생,8
시리,8
플렌,24
가전,12
대출,12
크림,12
렌,12
꼼짝,12
감금,12
깉,16
었,12
오천원,12
꼬꼬,12
바알,7
너므너므,7
혐오,7
이주일,15
베이,22
킹소,22
이함,11
리두,11
빼기,11
뻘짓,11
마요네즈,11
적하,6
오자,2
혐,14
올킬,8
걱정거리,8
양보,28
비주,12
환,19
냉장,12
군것질,12
알러지,12
엄빠,12
애시,12
당초,12
아토피,12
과산화수소,23
발휘,10
균,10
퉁퉁,10
이찬,10
배랑,10
스타크래프트,10
저글링,20
자폭,10
폭탄,10
변태,10
쾌감,10
있슴,4
없슴,4
양은,4
에고,4
댕,4
극혐,4
지식인,2
유튭,15
섴,7
파티,7
쪼글,7
종묘,7
빅,11
깻끗합니,7
존경,9
뿌파땜시,15
알음,30
킬,38
진제,15
물줌,15
물함,15
더줌,15
애벌,15
보임,17
종아리,15
털,15
파이,15
고이,15
파생,15
잘삿네,4
거려,6
다른사람,5
빝쫌,5
은봉,3
로라,8
무언가,12
송충이,7
쥐며느리,14
어쨋,7
시어머니,7
실험,21
강적,4
웬걸,4
맹신,4
찜,6
이참,6
주마,6
고위,9
프리,4
파라,4
분류,2
단번,26
빌라,2
접근,15
해먹,3
햇었는데,3
감안,10
일제,1
장돌,8
뱅이,8
유트버,8
파린,3
겉흙,3
한여름,3
예,5
존재도,2
번진,4
권,4
장량,4
범벅,4
상형,4
드글드글,2
준지,3
화븐,1
마사토,1
이하,3
엎었어용,3
드라믹,3
미지수,1
왜안,1
꾿꾿하,1
야구,3
초초초,6
비방,13
차내,13
뱅글,26
하드,13
이상없다,13
탑층,20
뻥뷰,20
층간소음,20
산도,20
공원,20
문틈,40
샷시,20
만이,8
콩알,8
투하,8
후손,8
보증,8
병해,46
구만,8
안녕,8
시원,7
살균제,7
이준,3
보더,5
괜춘,4
연안,4
극협,4
연약,4
송도,7
밭일,7
개중,19
여리고,19
연한,19
치명,19
보답,19
디아,19
빤짝,19
모양새,19
칼라,19
다닥하,19
실생활,19
솜털,24
압,12
노심초사,12
인적,12
무궁화,52
우리나라,10
햐앟,10
지경,10
덴마크,12
구제,30
스르,24
어린시절,24
농가,24
은빛,48
잿,24
잔류,48
락카,24
잔해,24
득달,8
바로킬,17
깨꼬닥,8
펌핑,6
로켓트,9
병마개,18
마개,9
사망,4
잎뒤,4
세척,4
와르르,10
삭발,10
썬팅,10
인삼,12
팬더,12
빈대,6
씌,6
찐뜩거림,8
득임,8
징조,8
해전,1
블룬펜시,7
예정일,20
소주,7
구마,8
쓰레기봉투,8
쓰레기통,8
인세,12
티아,12
무수,6
대효,5
고난,5
깨끗,2
하루나,3
정화,3
셀렘,4
옮을까봐,2
애로,2
한시,2
거구,6
미약,3
핬습,3
개나리,3
결부,1
설마,3
앞뒤,1
물총,4
굿귯,2
접긍,1
자가,2
을해,11
새벽,10
찍기,2
이따,2
재포,2
겉,2
엾나,1
점액,2
루팅,110
파우더,111
아이스팩,85
믹스,17
더구나,17
처치,17
곤란,17
분리수거,17
쿵,17
질석,51
삽목후,17
대략,17
고하,17
팁,17
가량,34
컷팅후,17
무비,34
카사바,8
모공,8
썪,8
버닙,8
반죽,8
차라,7
냉큼,7
혔,7
익,7
소라,7
협니,4
뭍힌후,3
물어,4
패트병,4
재시,2
데카,3
솔,3
분말,3
널,3
순위,3
유트부,2
무르,2
인내심,2
번역,3
가죽나무,2
해볕,13
체리,13
세이지,13
송이,13
요시,13
적립금,8
선인장류,4
팅,4
신비,5
억,5
무쟈,6
전적,6
단독주택,6
무안,6
귀가,6
테드,3
수탠드,1
